№,Слово,see also,Значение / комментарий,Комментарий диалектолога
1,абахъ,квар,,
2,акъа,"ада, ункъачо","тётя, тётушка",
3,аланж,"месед, сус",корь,
4,анибехъа,,сюда же,
5,анлъхур,итни,понедельник,
6,арбахӏаб,,себе на уме,
7,ахакь,гъоркь,внизу | под чем-либо,
8,ахта-гудазаби,"ахтазаби, ахцазаби",,
9,ахта-гудазабизе,"ахта-гудазе (from), ахтазабизе, ахцазабизе",,
10,ахта-гудазе,"ахтазе, ахцазе",,
11,ахта-гудай,"ахтай, ахцай",,
12,ахтазаби,"ахта-гудазаби, ахцазаби",,
13,ахтазабизе,"ахтазе (from), ахта-гудазабизе, ахцазабизе",,
14,ахтазе,"ахта-гудазе, ахцазе",,
15,ахтай,"ахтазе (from), ахта-гудай, ахцай",,
16,ахӏизе,турки,"кричать | (по)звать, подозвать, вызывать, вызвать; взывать | призывать, призвать к чему-либо; требовать | приглашать, пригласить; (за)звать | созывать, созвать | (по)звонить | (с)петь | гнать",
17,бабалай,,бабушка по матери,
18,бабу,баба,,
19,багъир,,таз,
20,багьалъи,хиралъи,,
21,багьалъизаби,хиралъизаби,,
22,багьалъизабизе,хиралъизабизе,,
23,багьалъизе,хиралъизе,,
24,багьаяб,хирияб,,
25,багӏ,,марена,
26,багӏаникӏ,,лещина,
27,багӏаржо,ургьисала,почка,
28,багӏартӏегь,,мак,
29,багӏра,,"зарево, заря",
30,бажу,"ада, ункъачо, ункъгӏал",тётя,
31,базакин,,рододендрон жёлтый золотистый,
32,базин,,,
33,базинаби,,,
34,базинабизе,базине (from),,
35,базине,,"(по)бить, избить, (по)драить",
36,байгъуш,,филин,
37,бакари,мучари,лепёшка,
38,бакъда,"бакълъи, бакъалда",на солнечной стороне; на солнечном склоне; [горы],
39,бакълачӏин,,перхоть,
40,бакъош,бакъдебусс,,
41,бакьбучч,бакьуч,барсук,
42,бакьбуччалъул,"бакьбучч (from), бакьучалъул",[родительный падеж],
43,бакӏибусен,,"топчан, койка",
44,бакӏу,бакӏ,"стул, табурет, табуретка",
45,баракат,баркат,,
46,бардах,,глиняный кувшин для содержания воды,
47,бартурахъ,,"основная канава, от чего разветляется вода; [при орошении]",
48,барщахараб,барщудхьараб,переспелый,
49,барщахин,,,
50,барщахине,,переспеть,
51,бахьлъор,,осина,
52,бахӏаран,,колокольчик,
53,бахӏбакӏо,,бахбако; [вид старинного женского головного убора],
54,бача,парча,"тучка, облако | щит; [воина] | клок, кусок, отрезок",
55,башла,байбихьизе,,
56,бебечу,милъиршо,ласточка,
57,бегьи,бачӏин,,
58,бегьизаби,,,
59,бегьизабизе,бегьизе (from),,
60,бегьизе,бачӏине,"приходить, прийти, прибывать, прибыть",
61,бегӏекӏо,,шишка,
62,бежахин,,,
63,бежахине,,перепечься,
64,бели,,тополь,
65,белъахин,,,
66,белъахинаби,,,
67,белъахинабизе,,переварить,
68,бергъу,,"сарай, навес, шалаш",
69,беркал,,расстегаи,
70,бесдалтӏегь,,одуванчик,
71,бетӏергьан,бетӏергьанчи,"собственник и собственница; владелец и владелица; обладатель и обладательница; хозяин и хозяйка; господин и госпожа | владыка, господь, бог | муж",
72,бетӏерияб,,главный,
73,бетӏеркъай,,"головная повязка; [у ребёнка, у некоторых горянок]",
74,бетӏер-магъ,,начало и конец; суть; истина,
75,бехе,эхебе,,
76,бехи,,,
77,бехизе,беэдизе,,
78,бецӏрогьалилъ,,ранним утром,
79,бечекъинлъ,,"тёлка ранней половой зрелости, течки",
80,бидия,,медный кувшин; [для содержания молока и масла],
81,бикъа-бахчи,,,
82,бикъа-бахчизе,бахчизе,"(с)прятаться; (при)таиться; скрываться, скрыться; (за)маскироваться | (с)прятать; скрывать, скрыть; укрывать, укрыть; утаивать, утаить; (за)маскировать, замаскировывать что-либо",
83,бикъа-бахчун,бикъа-бахчизе (from),"тайком, незаметно",
84,билаб,,"яркий, светлый",
85,бихьинкилищ,,средний палец,
86,бихьинмахӏаб,бихьинаб,мужеподобный,
87,бицардизе,"гаргадизе, бицаризе","разговаривать, переговариваться",
88,бицардухъан,,говорун и говорунья,
89,бицаризе,семизе,"упрекать, порицать; (по)ругать кого-либо; (по)ругаться с кем-либо",
90,бичизе,,"продаваться | продавать, продать кого-что-либо | предавать, выдавать | лишаться, лишиться чего-либо | решать, решить",
91,бичӏчӏ,бичӏчӏи,,
92,бишхи,хъухъадиро,пила,
93,бог,,"ужин, вечерняя еда | мамалыга, каша из кукурузной муки",
94,богӏорцо,,"торба, сума; кожаный дорожный мешочек для толокна и другие пищи | обжора",
95,богӏоч,богӏоло,,
96,божкъел,,неожиданность,
97,божкъелалда,,неожиданно,
98,бокӏон,кверкьей,"угол | клетка | место, где выражают соболезнование родственникам покойного",
99,боли,,,
100,болизе,,убегать при укусе слепня; [о животных],
101,болъо,мали,лестница; [неприставная] | лестничная ступенька | лестница; [приставная],
102,боргьараб,,суббота,
103,бори,,горячие угли,
104,боризе,,(вс)кипятить,
105,ботӏиш,,ботиш (вид национального блюда); чуду,
106,бохизабизе,,"(по)радовать кого-либо; доставлять, доставить радость кому-либо; (по)веселить, развеселить кого-либо; увеселять кого-либо | вызивать, вызвать смех",
107,бохизе,,"(по)радоваться, обрадоваться чему-либо; (по)веселиться, развеселиться | смеяться",
108,бохижал,,обувь,
109,бохӏин,,,
110,бохӏине,,"разлагаться, тлеться",
111,бугьи,"квач, цӏорой","мороз, холод",
112,бугьун,,деревянная лопатка; [для веяния зерна на гумне] | ложка,
113,бузе,гьабизе,,
114,буй,гьаби,,
115,букъдуч,"киса, чванта",карман,
116,букӏдиб,,"в месте, где выражают соболезнование; в доме, где оплакивают покойника",
117,булук,тӏел,"часть отары, отбывшаяся от остальных овец",
118,бунахӏ,мунагь,грех,
119,бурди,,"чижик; [чурочка для игры — палочка, по которой бьют палкой в игре в чижика] | палочка | балясина; [выточенная на токарном станке палка для перил] | черенок; [виноградной лозы]",
120,бурди-гӏантӏ,бурди-тӏил,,
121,бурма,,чайное блюдце,
122,бурмахӏутӏ,,шелкопряд,
123,бурогъил,рукъи,"заплата, латка",
124,бурукь,"гьанамагӏ, пинкь",мозоль,
125,бутунабго,бутунго,,
126,бутунго,"кинабго, тӏолабго","весь, полностью; абсолютно; целиком",
127,бутӏи,,,
128,бутӏизе,,"надоедать, осточертеть",
129,бухари,,"дымоход, камин | открытый очаг скотоводов, выложенный из плит квадратной формы",
130,бухарирахъ,,"закрытый канал, по которому проводят воду для полива",
131,бухча,"киса, чванта","женская сумочка из ткани | конверт, пакет | карман",
132,бухъаро,"газа, хъинцӏи","тяпка, кирка; местный род мотыги",
133,буцӏизе,,"(об)тесать, (об)строгать что-либо | (о)чинить, (на)точить, заточить что-либо",
134,буцӏура,,клевер,
135,бучӏенчӏахӏатӏ,тӏуб,боярышник,
136,вагъи,багъи,,
137,вагъизави,багъизаби,,
138,вагъизавизе,багъизабизе,(рас)сердить кого-либо,
139,вагъизе,багъизе,"(рас)сердиться на кого-либо; браниться, ругаться с кем-либо; (по)бранить, (по)ругать, обругать кого-либо",
140,васандухъан,"ясандухъан, расандухъаби","танцор, плясун",
141,вехи,,увеселение; [жениха перед свадьбой у приятеля или родственника],
142,вехизе,,увеселять; [жениха перед свадьбой у приятеля или родственника жениха],
143,вирулагь,,"понос, расстройство желудка",
144,гага,,женская грудь,
145,гагакватӏ,,абрикос,
146,гад,,"опарник; [блюдце, в котором приготавливают опару, дрожжи]",
147,гадахӏ,,пенёк,
148,газа,,"кирка, кайло | мотыга",
149,гала,,капкан для зверей,
150,галам,"габани, ганаби",конопля,
151,гала-чӏвали,гара-чӏвари,,
152,гала-чӏвализе,гара-чӏваризе,,
153,гали,"гаргади, гари",,
154,гализе,"гаргадизе, гаризе","говорить, разговаривать; сказать",
155,галъ,малъ,коготь; [птиц],
156,гама,"гамажу, суркӏа","судно, корабль, челн; пароход; ковчег | лодка | миска, тарелка",
157,гамажу,гама,,
158,ганаби,габани,,
159,ганабичӏер,,жареные семена конопли,
160,гарас,"дагъан, хатӏих","вешало, жердь (с сучьями, на которые вешают мясо, продукты и тому подобное); ёлка на свадьбе",
161,гари,"гали, бицин",,
162,гаризе,"гализе, бицине","говорить, разговаривать; рассказывать, рассказать",
163,гвадач,"квелъел, квертӏаххел",варежка,
164,гвала,къандалъо,"мешок, сума",
165,гвандиро,гвангвадиро,,
166,гвед,,сокол-тетеревятник,
167,геж,,круглая по форме творожная масса,
168,гелбахъ,гел,,
169,гелеза,гӏонкӏкӏозаз,астрагал колючий,
170,гемер,,ком,
171,гергу,,чуду,
172,герело,,каталка; скалка (для теста); валёк; [для белья] | колесо,
173,герец,гъарцӏи,облепиха,
174,гермес,,алыча,
175,гиргидиро,михир,каток,
176,гирицӏ,,валун,
177,гирцӏал,гирицӏ (from),,
178,гичир,тӏахьтӏи,отруби,
179,гоз,,шмель,
180,голъек,,трус,
181,гонглозе,цӏорозе,"замёрзнуть, превратиться в льдинки",
182,гор,,"круг | ореол | кольцо | обруч, обод | баранка, бублик, круглый хлеб с отверстием в середине (предназначен для праздничного гостинца мальчикам и как приз победителю в состязаниях по бегу, на скачках и тому подобное) | венок | окно | тряпичный круг; [используется при разбивке косточек на плоском речном камне]",
183,горо,,"шарик; ком, комок, комочек | град | осадок, который пристаёт ко дну посуды при растапливании масла, и блюдо, приготавливаемое из толокна на этом осадке; [варят на медленном огне и едят в горячем виде] | кроха, крошка",
184,гоч,,переселение,
185,гудер,,чурбан,
186,гуду,,ослёнок,
187,гузаги,гӏеретӏ,медный кувшин для содержания воды,
188,гузи,,,
189,гузизе,,семенить,
190,гулби,гвала (from),,
191,гургадиро,михир,каталка,
192,гури,,поворот,
193,гучкал,гучук (from),,
194,гучкил,гучук (from),[родительный падеж],
195,гучук,таращ,щенок,
196,гъаба,"гӏурдахӏан, шайтӏадултӏагъур",гриб,
197,гъало,,чёлка мужская,
198,гъалтугъ,хатӏих,,
199,гъамилараб,,необитаемый; дремучий,
200,гъамиллъи,,"чаща, дебри",
201,гъани,гъанигъин,,
202,гъанигъин,,,
203,гъанигъине,,"наедаться, плотно наесться; переедать, переесть; насытиться",
204,гъанигъун,,настойчиво,
205,гъанизе,гъанигъине,,
206,гъапусик,микки,голубь,
207,гъараз,гӏузру,,
208,гъараш,кьенкьро,крыжовник,
209,гъардали,цӏоросоролъ,кукуруза,
210,гъари,,отсек в хлеву,
211,гъармахъал,гъармахъ (from),застёжки,
212,гъваб,,таз,
213,гъваца,гъвала,корова безрогая,
214,гъезе,чӏезе,"(по)ставить, расставить; устанавливать, установить; [что-либо] | прикреплять, прикрепить; пришивать, пришить; приделать; [что-либо к чему-либо; что-либо] | (по)гнать, прогнать, отогнать, загнать; [кого-либо куда-либо] | накаркать; накликать; искать; [чего-либо; что-либо; чего-либо (гибельного)] | сажать, посадить; [что-либо] | наступать; [о времени] | [с некоторыми наречиями употребляется в разных значениях]",
215,гъелдареч,,калитка,
216,гъенчи,васикӏо,,
217,гъигъиди,,,
218,гъигъидизе,,"уговаривать, уговорить; упрашивать, упросить",
219,гъизигъуран,,сорт; яблок,
220,гъилди,мали,лестница,
221,гъиндуро,,калитка,
222,гъоб,,скирд; [из кукурузных стеблей и злаковых культур],
223,гъогъогьан,,куча камней,
224,гъоркьеккел,,козырь,
225,гъоркькьибил,тӏин,,
226,гъоцӏояб,,с перекрещивающимися рогами,
227,гъулден,хилъало,чечевица,
228,гъулухьаб,гӏунцараб,хмурый,
229,гъум,хӏули,пух,
230,гъунуб,аскӏоб,"рядом, близко | рядом; близко; скем-чем-либо к кому-чему-либо",
231,гъурва,,смесь кислой патоки с сушёнными сливами и айвой,
232,гьайкӏлаби,,весы; [рычажные ручные],
233,гьакьинаб,,"твёрдый, крепкий",
234,гьалакӏач,,бабочка,
235,гьандуз,пандуз,поднос,
236,гьандал,,подол; [платья],
237,гьанкӏалакӏал,цӏадираби,"весы, безмен",
238,гьанкӏизе,,(вс)копать | приподнять; [ся],
239,гьанчук,гьулак,качели,
240,гьаргва,,"коридор, прихожая",
241,гьаркьинаб,,"сильный, крепкий",
242,гьарщукӏан,гьулак,гамак,
243,гьати,,,
244,гьатизе,,"(по)гнать, отогнать, выгнать; [например скот]",
245,гьвалан,гвала,большой мешок,
246,гьвекеро,,родничок; [у детей на голове],
247,гьебщиб,гьебгощинаб,столько,
248,гьегӏел,,годовалый бычок,
249,гьекко,хекко,,
250,гьелчеро,гьулак,качели,
251,гьетел,"гӏащтӏи, чвалта","маленький топор, топорик",
252,гьи,мугь,варёное зерно; [излюбленное блюдо горцев],
253,гьину,,локоть,
254,гьирк,"миккицӏулакьо, цӏулакьо",жёлудь орех и орехи,
255,гьобо,,мельница | жёрнов | точильный камень; [круглый],
256,гьоболав,гьобол,,
257,гьоболай,гьобол,,
258,гьол,неца,,
259,гьоло,"гьолох, полох, гьи, мугь",боб; бобы; варёное зерно; [традиционное блюдо аварцев],
260,гьолох,полох,вика,
261,гьулизаз,,цикорий обыкновенный,
262,гьулчизе,,"выливать, вылить | колыхнуться, колебнуться; подниматься, накатываться, накатиться; [о волне] | качаться; [например на качелях]",
263,гьунд,гьениб,там; [ближе к собеседнику],
264,гьунхьи,сунтӏи,,
265,гьунхьизе,сунтӏизе,(по)нюхать,
266,гьурал,"гьури, онод",ревматизм,
267,гьучак,гьулак,качели,
268,гӏабатӏ,,ком; [неудачно замешанного теста],
269,гӏабтӏал,гӏабатӏ (from),,
270,гӏабтӏил,гӏабатӏ (from),[родительный падеж],
271,гӏадияб,"гӏадатаб, гӏадатияб","обычный, обыкновенный, привычный; нормальный",
272,гӏаздалтӏегь,,подснежник,
273,гӏакабечӏчӏ,,"доильник, подойник",
274,гӏакал,гӏоко (from),,
275,гӏакъраб,,фаланга | скорпион | стрелка; [часов],
276,гӏалу,бекӏ,альчик; бабка,
277,гӏамагӏ,,"горошина, комок чего-либо",
278,гӏамирко,,"амирко; [легендарная птица в аварских песнях] | растение, корень которого используется как румяну",
279,гӏангилиг,кӏалкӏучӏ,бабочка,
280,гӏанкӏиликӏиличӏ,"гӏангилиг, кӏалкӏучӏ",бабочка,
281,гӏанкӏихер,лъабгӏин,клевер,
282,гӏанщкӏеро,гьулак,"гамак, верёвочные качели",
283,гӏаракъи,парсцӏулакьо,,
284,гӏарас,зани,"изваяние, надгробие, стелла на могиле",
285,гӏарацхер,,донник лекарственный,
286,гӏарзадухъан,гӏарзачи,жалобщик,
287,гӏарсал,гӏарас (from),,
288,гӏарсил,гӏарас (from),[родительный падеж],
289,гӏаскар,аскар,,
290,гӏахьучӏ,,"враньё, выдумка; белиберда; околесица, вздор, ерунда, чушь | сказка",
291,гӏебехъ,аскӏоб,рядом,
292,гӏебучӏучӏу,,шишка; [еловая],
293,гӏелечӏаб,,уродливый,
294,гӏелечӏараб,,безудержный,
295,гӏелечӏди,"гогьдари, гочӏдари",кокетство,
296,гӏелечӏдизе,"гогьдаризе, гочӏдаризе",кокетничать,
297,гӏелечӏин,рохьдочин,,
298,гӏелечӏине,рохьдочине,быть в состоянии половой активности; быть в течке; [о животных; о самках],
299,гӏелун,кӏалкӏучӏ,бабочка,
300,гӏерщ,раххан,лопата,
301,гӏи,,"овцы, гурт, отара, баранта | овца",
302,гӏим,,сок | раствор краски,
303,гӏинлъир,,спица колоса,
304,гӏинчӏи,рагӏи,,
305,гӏинчӏизе,рагӏизе,услышать,
306,гӏогӏохит,саву,иней,
307,гӏод,бокь,хлев,
308,гӏодоб,"бортизе, гъоркь","на земле, на полу | внизу",
309,гӏоко,,булочка,
310,гӏокьоб,,крыло,
311,гӏокӏоро,,костяника,
312,гӏоржазаби,,,
313,гӏоржазабизе,,"обильно мазать что-либо чем-либо жирным, замаслить",
314,гӏоржазе,,"лосниться от жира, замаслиться",
315,гӏоржай,,,
316,гӏорщол,гӏерщ (from),[родительный падеж],
317,гӏосохер,,белена чёрная,
318,гӏоццол,"гӏуцц (from), ганчӏил",[родительный падеж] | каменный,
319,гӏочӏаб,,с короткими ушами,
320,гӏочӏокӏо,,кукла; [в виде мальчика],
321,гӏубугӏ,гӏабукӏ,"репейник, лопух",
322,гӏукӏула,ражихо,ступа,
323,гӏуна,къенеро,,
324,гӏунжи,болъо,ступенька лестницы,
325,гӏункӏкӏхӏинчӏ,къохьоллъалкӏач,летучая мышь,
326,гӏурулхӏанкъва,,синица,
327,гӏурусгъаран,гъаран,укроп,
328,гӏурусгӏанкӏу,,индюк,
329,гӏурускъвали,"картошка, гӏурустӏин",картофель,
330,гӏуруснилъ,нилъ,серп,
331,гӏурустӏин,"гӏурускъвали, картошка",картофель,
332,гӏурхъи,гӏорхъи,,
333,гӏурчи,,овсюг,
334,гӏурщби,гӏерщ (from),,
335,гӏути,квацӏи,охапка сена,
336,гӏуцц,"гамачӏ, гьецӏо",камень,
337,гӏуццмахӏаб,,камнеподобный,
338,давшан,,заяц,
339,дагъ,,клён,
340,дадалай,"дадаэбел, кӏодо, кӏодоэбел",бабушка; [по отцу],
341,дадаэбел,дадалай,бабушка (по отцу); папина мама; [буквально],
342,дадирухьен,къвал,сотканная шерстяная лента; [используют для носки кувшина по воду],
343,дала,хӏос,"лом (инструмент), засов; [чем изнутри закрывались ворота]",
344,дангъва,,"тавро, клеймо, метка, знак; эмблема | пятно | метчик, тавро; [инструмент для клеймения скота]",
345,дандалакӏучӏ,кӏалкӏучӏ,бабочка,
346,дандерек,"гӏандарак, никӏва, техтеро, цӏалач","юла, волчок",
347,данка,"гьве, гьой",собака,
348,дарбадагъ,"минатахъ, пин-пана, щущахъ","вдребезги, в пух и в прах",
349,дачухь,,"возглас, которым погоняют ослов",
350,дергело,"къохьолъалкӏач, лъалкӏач",козодой; [ночная птица] | летучая мышь,
351,диб,ракьан,надземная основа растения,
352,диги-диги,гиди-гиди,щекотка,
353,дигъил,,кувшинчик гончарный,
354,дилим,,"кусок; [арбуза, дыни]",
355,дингур,гендур,сурепка,
356,догӏори,гомог,жёлоб,
357,долого,"хехго, цудунго",рано; [о времени],
358,домори,двамдвами,,
359,доморизе,двамдвамизе,"распухать, распухнуть; раздуваться, раздуться; [о трупе]",
360,донг,"гвенд, донкӏ",яма,
361,донкӏ,"гвенд, донг",,
362,донкӏахин,гвандахин,,
363,донкӏахине,гвандахине,,
364,дорхӏоли,,смесь растительного сока с белой глиной; [полуфабрикат для приготовления патоки],
365,дугӏа,,"мольба, зов, просьба; молитва (после намаза, еды, при поминнках и тому подобное) | текст молитвы | поминальная молитва",
366,дудекӏан,годекӏан,годекан,
367,дунги,,ступа для очистки риса от шелухи,
368,дунял,дуниял,,
369,душак,,матрац,
370,жажалай,,ромашка,
371,жали,симис,,
372,жами,,глубокая тарелка для супа,
373,жаргъи,,"борт кузова арбы, подводы",
374,жегидахъги,жеги,,
375,жипу,"киса, чванта",карман,
376,жовз,,имбирь,
377,жогъна,,шмель,
378,жойиса,,в следующий раз,
379,зазакъа,,оса,
380,зазигӏункӏкӏ,гӏужрукъ,ёж,
381,зайдан,хъазан,котёл,
382,занкӏлал,зиникӏ (from),,
383,зарар,зарал,,
384,зиди,хъещтӏей,,
385,зидизе,хъещтӏезе,"кататься; [на льду, по снегу]",
386,зизи,,женская грудь,
387,зин,,барбарис,
388,зиндих,,алыча,
389,зинкъи,,,
390,зинкъизе,,(ис)щипать,
391,зинкӏил,,локоть,
392,зунгу,"узденг, хӏотӏочӏел",стремя,
393,ивус,,клоп,
394,издек,,указка,
395,икьукьи,,роза,
396,илбисбутӏ,,радуга; . дявольская дуга; [буквально],
397,илмагӏав,,упрямый; несговорчивый; своеобразный,
398,инсулъуб,,"у отца, в доме отца",
399,инчо,,корзинка,
400,ирга-нух,"ирга, ирга-къоно",,
401,исиб,,"на чужбине, на чужой стороне",
402,исиблъи,,"чужбина, чужая сторона",
403,исиблъуда,исиб,"на чужбине, на чужой стороне",
404,ици,,каменный уголь,
405,ичал,,смесь сладкой патоки с орехами и виноградом; [кулин],
406,ишкӏокӏо,,скворец,
407,калам,"капуста, хъапустӏан",капуста,
408,канакро,,"сосновая ветка; [увешанная яствами, которую ставят перед женихом во время свадьбы]",
409,кан-цӏа,канлъи,свет | зрение,
410,кариз,"гъуй, хӏавуз","колодец, бассейн",
411,карт,,"дом, двор",
412,карщ,,"каша | суп, похлёбка",
413,кашкан,,"молокосос, мальчишка | собака",
414,квацӏи,,"букет | охапка, пучок; [то количество травы, стеблей злаковых, которую можно охватить одной рукой при косьбе, жатве] | пучок",
415,кведехал,гьегь,корзина,
416,квелъ,,"вожжи; поводья; узда | ягода винограда, виноградина",
417,квен-къел,квен-тӏех,еда и питьё,
418,кверлъин,гормендо,"платок (головной), головная повязка; [женская]",
419,квешжо,жунжра,клоп,
420,кедекаб,,проворный,
421,кепели,,выхор,
422,кету,катитӏинчӏ,кошка | гроздь винограда,
423,киз,буртина,валянный ковёр,
424,кикаб,гьитӏинаб,маленький | Кикав; [имя собственное мужское],
425,киндир,,верёвка,
426,кираж,гач,известь,
427,ккам,,деревянный комод; [для хранения зерна],
428,ккап,чинкир,,
429,кодожо,,большой глиняный кувшин,
430,кожогьан,,тумбочка,
431,койокру,,подставка-сосуд для лучины,
432,кономахӏу,свенек,деревянная трубка; [(в отверстии люльки для стока мочи) см.],
433,кудари,гӏеретӏ,кувшин (водоносный) глиняный кувшин для засола сыра,
434,кулум,газа,кирка; [с одним остриём],
435,кумараб,кваранаб,правый,
436,кунта,,"платье, рубашка, рубаха.",
437,кунчӏеро,,светлячок,
438,курси,,маленький стул; [на трёх ножках со спинкой],
439,курчӏу,каратӏ,"отверстие, дыра",
440,кусагӏака,,безрогая корова,
441,къагъдали,цӏоросаролъ,кукуруза,
442,къадалаб,къадако,воробей,
443,къадалъеял,,клопы,
444,къадежо,къадеквен,обед,
445,къадиса,,обед,
446,къай,къазе,"комок, ком | кусок теста, приготовленный для раскатки | связка чего-л | удерживание",
447,къак,,"тощая, худая скотина",
448,къакъа,,лепёшка,
449,къакъу,,кувшин,
450,къакъуцӏ,къакъач,продолговатый кусок толокна; початок кукурузы | небольшая порция толокна; [раздают в пятницу как милостыню],
451,къалал,,нос,
452,къам,,"гребень | чуб, чёлка",
453,къамуштӏи,хъапустӏан,капуста,
454,къансмагъалу,,коровяк,
455,къарагъ,рагӏал,берег,
456,къари,,ведьма,
457,къаркъуш,,шлак,
458,къасилохъа,къасимехалъ,"вечером, ночью",
459,къачи,къвали,бутень,
460,къвалаб,,"пегий, пёстрый | пёстрой расцветки; [чёрный с белым]",
461,къвали,,бутень; [съедобная трава с белыми цветами и съедобным клубнем] | картофель,
462,къверкъ,,"лягушка, жаба | рубанок",
463,къвикъви,,мушмула,
464,къеперо,,"ловушка, силки",
465,къереро,,гармонь,
466,къецен,къец,,
467,къивукъ,,глина; [используется для побелки стен],
468,къинкӏари,"къинкӏаризе, къенкӏей",,
469,къинкӏаризе,къенкӏезе,подмигивать,
470,къиркъир,,бабочка,
471,къоб,пурцимахх,"лемех, сошник",
472,къоб,бакъ,малярия,
473,къор,,"западня, ловушка, капкан, силки | волчья яма | подземный ход, подкоп | вид мягкой травы; [употребляется вместо ваты] | место, где хранят молоко; подпол",
474,къорола,,паук,
475,къукӏараб,къулараб,,
476,къукӏи,къули,,
477,къукӏизаби,къулизаби,,
478,къукӏизабизе,къулизабизе,,
479,къукӏизе,къулизе,,
480,къунтӏ,,щипок,
481,къутӏин,,отсек в хлеву,
482,къутӏулаб,,насморк,
483,къутӏуш,къватӏулъажо,"ублюдок; незаконнорождённый, внебрачный ребёнок",
484,къуччах,,лихач,
485,кьабгӏезе,кьабезе,,
486,кьабгӏей,кьабей,,
487,кьабгӏи,кьаби,,
488,кьабгӏизе,кьабизе,,
489,кьакьа,гӏачӏанкъвали,топинамбур,
490,кьвагьеродахӏа,,колокольчик,
491,кьвах,,горец змеиный,
492,кьерхач,"гъеду, кьерхадулаб",,
493,кьилитӏагъур,,папаха; седло-шапка; [буквально],
494,кьиндал,,"зимой, зимою",
495,кьину,раса,корыто; [деревянное для теста],
496,кьихь,,"подол, нижний край платья, рубашки",
497,кьороб,гьоркьоб,,
498,кьурук,милъиршо,ласточка,
499,кьухъ,тӏуц,,
500,кьухъаб,тӏуцаб,,
501,кьухълъи,"кьухълъизе, тӏуцлъи",,
502,кьухълъизаби,"кьухълъизабизе, тӏуцлъизаби",,
503,кьухълъизабизе,тӏуцлъизабизе,,
504,кьухълъизе,тӏуцлъизе,,
505,кӏада,"гиби, дад",глиняный крупный сосуд; [для хранения молочных продуктов и сбывания масла],
506,кӏакӏаля,,сорт; груш,
507,кӏакӏо,,"каменная ступка, куда кладуть пищу для собак",
508,кӏалабоголъ,"кӏалалъ, кӏалалъбакӏалда",,
509,кӏалгӏачи,,медник,
510,кӏама,тӏорахь,сливочное масло,
511,кӏанлъал,,близнецы,
512,кӏанцӏ,,глубокая тарелка для супа,
513,кӏартӏуп,картошка,картофель,
514,кӏас-кӏасиялда,,переваливаясь из стороны в сторону; приседая | подпрыгивая,
515,кӏаттали,,белая глина; [используемая при приготовлении патоки из фруктового сока],
516,кӏатӏагъуд,гел,ковш,
517,кӏатӏахӏчирахъ,,керосиновая лампа; [местного изготовления],
518,кӏатӏи,,платок,
519,кӏатӏизе,кӏутӏизе,"задевать, задеть кого-либо; [словом]",
520,кӏатӏули,"кӏартӏуп, картошка",картофель,
521,кӏач-кӏачи,кӏач-кӏачизе,,
522,кӏач-кӏачизе,,сморщиться,
523,кӏванкъа,,рогатка,
524,кӏенвер,,сорт яблок,
525,кӏерекӏ,,хвоя,
526,кӏертмахӏо,,икра ноги,
527,кӏикӏимичу,,черёмуха обыкновенная,
528,кӏисири,,деревянная бадья; [для содержания сыпучих тел],
529,кӏитӏан,,сундук,
530,кӏитӏу,,сундук,
531,кӏкӏведекӏкӏ,,хвоя,
532,кӏкӏурба,,веснушки,
533,кӏодо,,"бабушка | бабушка; [при обращении к пожилой женщине] | старушка | дедушка, дед | дедушка; [при обращении к пожилому мужчине]",
534,кӏокӏоша,,горлянка,
535,кӏорж,,"место, где готовят корм для скота",
536,кӏоркӏоно,,"виноградина, ягодка | алыча",
537,кӏочӏо,кӏучӏ,козявка; [затвердевшая сопля],
538,кӏудаб,кӏудияб,,
539,кӏудаинсул,кӏудаэмен (from),[родительный падеж],
540,кӏудаэмен,,"дедушка, дед | дедушка; [при обращении к пожилому человеку] | Кудаэмен; [имя собственное мужское]",
541,кӏуди,"кӏудада, кӏудаэмен","дедушка, дед дедушка; [при обращении к пожилому человеку] | Куди; [имя собственное мужское]",
542,кӏунцӏлахӏлъун,,"внезапно, бесследно; как в воду канул",
543,кӏуркӏури,гулгун,"кумган, медный кувшинчик",
544,кӏутӏ,,клюв,
545,кӏутӏ,кӏущтӏа,вязанка; [из нескольких охапок скошенной травы] | вязанка; [как единица измерения],
546,кӏутӏкӏутӏ,гъотӏоркӏо,дятел,
547,кӏуччули,,огурец,
548,кӏущтӏа,,"вязанка; [с нескольких охапок скошенной травы] | вязанка; [как единица измерения] | связка, вязанка",
549,лаб,,подмётка | шкура; [крупных животных],
550,лагаба,щаринах,сливочное масло,
551,лагам,,таз для стирки,
552,лагам,чӏчӏвад,клён,
553,лага-макъар,,"тело, телосложение, фигура",
554,лагли,,неглубокая тарелка; [предназначенная для национальных блюд],
555,лали,,,
556,ламщо,,ботва,
557,лаплап,кӏалкӏучӏ,бабочка,
558,лапур,,копна,
559,локӏо,"гьве, гьой",собака,
560,лоло,неца,"овод, слепень",
561,лугу-лугу,магь-магь-магь,ко мне; [подзывают собаку к себе],
562,лъабцӏуса,,"три раза, трижды, троекратно",
563,лъадал,,наяву,
564,лъадалхӏинчӏ,,синица,
565,лъадири,,липа,
566,лъамачараб,лъамияб,,
567,лъамачи,лъамалъи,,
568,лъамачизаби,лъамалъизаби,,
569,лъамачизабизе,лъамалъизабизе,,
570,лъамачизе,лъамалъизе,,
571,лъахъвазаби,лъухьизаби,,
572,лъахъвазабизе,"лъахъвазе (from), лъухьизабизе",,
573,лъахъвазе,,"(под)мести, подметать; убирать, убрать что-либо; [например помещение]",
574,лъахъвай,,,
575,лъвартӏаб,,черствый,
576,лъелъер,лъедерго,,
577,лъелъераб,лъедераб,,
578,лъелъерлъизаби,лъедерлъизаби,,
579,лъесен,гьацӏучед,соты,
580,лъикӏиса,,с хорошей стороны,
581,лъикӏлъизабизе,,"улучшать, улучшить, способствовать улучшению; совершенствовать | вылечить",
582,лъикӏлъизе,,"(по)хорошеть; улучшаться, улучшиться; становиться, стать лучше; идти на лад | поправляться, поправиться, выздоравливать, выздороветь",
583,лъихало,хилъало,,
584,лъичӏирма,,ива,
585,лъияб,лъикӏаб,хороший,
586,лълъонани,хумелаг,хмель,
587,лъолъеху,,дурман,
588,лъотӏир,хъирис,чесотка,
589,лъункари,,дикий кабан,
590,магащ,,творог,
591,магъ,"рачӏ, гӏоркь","зад, хвост; курдюк | конец | рукоятка",
592,мажал,,возможность,
593,маза,,кусочек съестного; закуска | кусок мяса; [раздаваемый при похоронах покойника],
594,малдин,катан,марля,
595,малихӏокилищ,,четвёртый палец,
596,малълъизе,рикӏкӏине,"(на)учить, обучать, обучить кого-либо чему-либо или с. | подсказывать, подсказать кому-либо что-либо; подучать кого-либо чему-либо | считаться | считать",
597,малъ-хал,хал-шал,разведка,
598,мама,"даци, имгӏал",дядя,
599,манакӏо,,фляжка,
600,манги,"нар, халабакӏ",тахта,
601,маргъалдахӏа,маргъалтӏегь,,
602,маргъалукъ,маргъал,пуговица,
603,мариямтӏегь,,ромашка,
604,мастӏи,,собака,
605,матӏикӏ,"хъинцӏи, бухъаро",мотыга,
606,матӏу,,зеркало | стекло,
607,матӏудул,матӏу (from),[родительный падеж] | зеркальный | стеклянный,
608,махмар,,бархат | вельвет,
609,махмарул,"махмар (from), махмаралъул",[родительный падеж] | бархатный | вельветовый,
610,махх,,"железо | жесть | металл | таган, таганок, треножник | кирка | пуговица | лемех",
611,махла,,наст снежный,
612,махьла,,краснуха,
613,махьулухь,,вид съедобной травы,
614,махӏахӏи,,название кустарникового растения с тёмно-красными ягодами,
615,махӏиду,,"мужчина, выполняющий женскую работу, женоподобный мужчина",
616,махӏидул,махӏитӏегь,,
617,махӏитӏегь,,мать-и-мачеха,
618,махӏутӏил,,подснежник,
619,мач,,молодило,
620,мачахӏи,пини,борщевик,
621,мачӏаб,,тёмно-серый | жёлтый,
622,мачӏал,,исток родника,
623,машгъулаб,,"занятый, увлечённый чем-либо | беспечный",
624,машгъул,,увлечённо | беспечно,
625,машгъуллъи,,занятость; увлечённость | беспечность,
626,машгъуллъизе,,"заниматься, заняться чем-либо; увлекаться, увлечься чем-либо; всецело отдаваться, отдаться чему-либо | быть беспечным",
627,мащу,,"труба, трубка | черенок; [для прививки к дичку]",
628,маълаъ,,огуречная трава,
629,маълаъхер,,окопник,
630,маъма,"ада, ункъачо","тётя, тётушка",
631,мегӏ,,"полынь, юшан",
632,мегӏер,,"гора | нос | выделения из носа, сопли",
633,мед,,брага,
634,мекъаб,,"упрямый, непослушный, с норовом | ложный; ошибочный | левый",
635,мелхӏу,,перга,
636,мергалрич,,стрекоза,
637,месед,сус,корь,
638,мигь,хӏавагӏеч,айва,
639,мигьил,мигь (from),[родительный падеж] | айвовый,
640,мигӏу,,мяу,
641,мигӏди,мимиди,,
642,мигӏдизе,мимидизе,мяукать,
643,миккищурмал,,жёлуди,
644,мими,,женская грудь,
645,митӏ,,таволга,
646,миха,,тополь,
647,мицӏикӏал,мегӏерччин,насморк,
648,могӏроч,,сопляк,
649,можо,,таблетка,
650,мотӏочӏ,,козырёк фуражки,
651,мугъало,,горб | корзина для носки на спине,
652,мугъбитӏ,,женоподобный мужчина,
653,мугълекӏ,,горбун,
654,мугӏучӏ,бекӏ,альчик,
655,мухъ,,мята,
656,муцакъахьал,,весы,
657,мучаригъаран,мучари,,
658,мучӏи,,женский головной убор,
659,нагӏел,,карбункул,
660,натӏихӏ,баси,нетель | бычок,
661,нахула,,медведка; [насекомое],
662,нахулърахъадал,,блины; в масле обкатанные; [буквально],
663,нахъ,,за,
664,нахъгӏунтӏизе,,"догадываться, догадаться | догонять, догнать кого-либо",
665,нахъ-нахъ,,назад | следом,
666,нахъосалалъ,нахъоса,следующий раз,
667,нахъчӏезаби,,,
668,нахъчӏезабизе,,"заставлять, заставить преследовать; способствовать преследованию",
669,нахъчӏезе,,преследовать кого-что-либо,
670,нахъчӏей,,преследование,
671,нахӏсияй,хъартай,ведьма,
672,нахӏу,,дуб,
673,нахӏукӏла,,шалфей лекарственный,
674,нацӏихер,,цикорий обыкновенный,
675,нащ,гали,шаг,
676,негуш,,избалованный человек,
677,негушлъи,,"избалованность, капризничание",
678,негушлъизе,,"баловаться, капризничать; быть, стать избалованным, капризным",
679,некь,,жало; [пчелы],
680,нихьва,,соломинка | метёлка,
681,нихьу,,веник,
682,нолъкъаси,нолъ,,
683,нуситӏала,,ткацкий станок,
684,нухӏи,рагьимахӏу,порог,
685,онод,гьурал,ревматизм,
686,орозлъи,,озорство,
687,орозлъизе,,"становиться, стать озорным; озорствовать",
688,палтар,партал,,
689,палу,кӏалкӏучӏ,бабочка,
690,пампа,квасквас,хлопок; вата,
691,панкъала,кӏалкӏучӏ,бабочка,
692,панкӏалакӏач,кӏалкӏучӏ,бабочка,
693,пари,,"летание, полёт",
694,паризаби,,,
695,паризабизе,паризе (from),,
696,паризе,,"летать, лететь",
697,парччо,"бакьбучч, бакьуч",барсук,
698,патишагь,падишагь,падишах,
699,патӏих,,дыня,
700,пент,маргъал,пуговица,
701,петена,гужгат,бешмет; [мужская верхняя одежда],
702,писаб,,пакостный,
703,питри,,омела,
704,поркӏо,кӏалкӏучӏ,бабочка,
705,пул,перело,кузнечные мехи,
706,пунцӏила,пунцӏеро,,
707,пурх,тӏокъо,"навес, покрытие",
708,пурщи,гьурщи,растрёпка; [о волосах] | встряхивание | распускание,
709,пурщизаби,гьурщизаби,,
710,пурщизабизе,"пурщизе (from), гьурщизабизе",,
711,пурщизе,гьурщизе,"растрепаться; [о волосах] | встряхивать, встряхнуть что-либо | распускать, распустить; [волосы]",
712,пус,жунжра,клоп,
713,рагъи,багъи,"драка | ругань, брань, поношение, осуждение, порицание",
714,ракъдалаб,,туман,
715,ракьа,,"кость, косточка | косточка; [плода]",
716,ракьула,,медведка,
717,расандухъан,,"танцор, плясун",
718,расандухъанлъи,,"способность танцевать, плясать",
719,рахъал,,"строительные леса, подмостки",
720,раци,тӏикъва,подошва,
721,рацӏцӏи,,"кусок, кусочек, ломоть, ломтик (хлеба и тому подобное)",
722,регь,буххунах,жир; [образуемый при варке мяса],
723,регӏизе,,"провожать, проводить",
724,рекъезе,,"приспосабливаться, приспособляться, приспособиться; подходить, подойти кому-чему-либо; подходить, подойти кому-либо; соответствовать чему-либо | (по)мириться с кем-либо; примиряться, примириться с кем-либо; (по)ладить; подружиться | (по)сватать; [девушку]",
725,рецаро,"харицел, чӏиникӏ",коса,
726,реччдаллъи,,обогащение почвы влагой; учащение дождей,
727,реччдаллъизе,,"обгащаться, обогатиться влагой; учащаться, участиться — о дождях",
728,рицӏ,рицӏцӏ,,
729,ричӏадаб,рикӏкӏадаб,"дальний, далёкий",
730,рищтӏи,,"загон, кошара | огород, бахча",
731,рогъо,,"узда, уздечка",
732,росноб,росулъ,"в ауле, в селе, в деревне",
733,рохьдочӏчӏан,,загон для стада,
734,ругъо,"квелъ, чӏолорхъо, чӏолохъжо","вожжи, поводья, узда, уздечка",
735,ругьи,,болезнь от холода,
736,румаб,,коричневый,
737,руру,неца,овод; слепень,
738,ручч,,зелёный лук,
739,рущтӏиб,,загон во дворе,
740,рущтӏун,,загон во дворе,
741,сапалжо,квар,верёвка,
742,сейиса,сезе,,
743,сел,"гӏер, мокъ","длинная деревянная доска; [вдетая в верёвки, подвешанные на крючки с потолка; в основном употребляется для сушки мяса и сыра] | жердь (насест для кур) сучковатые колья; [установленные около жилых помещений во дворе, служащие вешалкой для вывешивания вяленого мяса]",
744,сибил,"хьибил, букӏон",бок; угол,
745,сивхьи,,"звук, образующийся при подметании чего-либо",
746,сигри,,брусника | крупинки масла; [появляющиеся на сбиваемом молоке непосредственно перед его подходом],
747,симис,,бахрома | ресница,
748,синаркӏо,,средний палец,
749,сиргъич,,скворец,
750,солбол,сибил (from),[родительный падеж],
751,сонкъаси,,вчера вечером; вчера ночью,
752,сонрелъеда,,в прошлую ночь,
753,сонсо,жунжра,клоп,
754,субаро,,плуг; [приспособленный для вспашки целины],
755,сугъел,,небольшой сенокосный участок,
756,сукур,раква,турбина,
757,сукурникӏва,,зубчатый волчок,
758,сули,,кастрация,
759,ссуно,цӏо,молозиво,
760,сунтӏур,,"хобот | лицо, морда",
761,сури,,осрамление | ненависть,
762,суризабизе,,"(о)позорить, обесславить кого-что-либо | (с)компрометировать кого-либо | разоблачать, разоблачить кого-либо | заставлять, заставить ненавидеть кого-что-либо",
763,суризе,,"(о)позориться, обесславиться | (с)компрометировать себя; быть, стать скомпрометированным | разаоблачать, разоблачить себя | (воз)ненавидеть кого-что-либо",
764,суркӏа-матахӏ,суркӏа-щурун,столовая посуда,
765,сурхи,тӏуркӏи,вздрагивание,
766,сурхизе,тӏуркӏизе,"вздрагивать, вздрогнуть",
767,сус,,сыпь | корь,
768,сутер,,полено,
769,сутулкъудус,,чертополох,
770,так,туз,туз,
771,ташнакъ,,грязнуля,
772,терезаби,,весы,
773,тобот,,речка,
774,топ,торгӏо,орудийный снаряд | мяч,
775,тули,,земляника,
776,тули,туснахъ,тюрьма,
777,тунсу,руссункӏо,,
778,тусумакъар,,ольха,
779,тут,кари,"тута, тутовник (плод); смоковница",
780,тӏабакӏ,,поднос | низкий стол | тарелка,
781,тӏадежо,дандежо,закуска; [к хлебу],
782,тӏакъна,,"кров, крыша",
783,тӏалакъверкъ,щурункъверкъ,черепаха,
784,тӏамах,,"лист (растения), листок, листик; листва, листья | лист; [бумаги]",
785,тӏасахъа,тӏад,сверху,
786,тӏатӏалакӏучӏ,кӏалкӏучӏ,бабочка,
787,тӏвел,,кусок,
788,тӏекъса,мекъса,,
789,тӏинаб,гьитӏинаб,маленький,
790,тӏину,,деревянное корыто; [для теста],
791,тӏинчӏ,,"детёныш, зверёныш | детва | козлёнок | щенок",
792,тӏихь,бижаражо,"нарыв, фурункул",
793,тӏолгосеб,,"весь, вся, всё",
794,тӏонкоч,"тӏатӏан, тӏенкел",потник,
795,тӏонтӏро,тӏипало,щербина | веснушка,
796,тӏуб,,боярышник,
797,тӏумесгьил,,горох,
798,тӏунтӏараб,,скупой,
799,тӏурекӏ,,тарелка,
800,тӏутӏ,,"муха, мухи | пчела",
801,тӏутӏи,,крыжовник,
802,ула,,квашня; [для теста],
803,улагъин,,,
804,улагъине,,"рассыпаться, рассыпаться",
805,уржуник,,крыжовник,
806,ухъаб,тӏуцаб,низкий,
807,ухълъи,тӏуцлъи,,
808,ухълъизаби,тӏуцлъизаби,,
809,ухълъизабизе,тӏуцлъизабизе,,
810,ухълъизе,тӏуцлъизе,,
811,хали,халича,ковёр,
812,халияб,,"безлюдный, пустой",
813,халкӏу,хъвалхьен,полено,
814,хамир,чӏагӏа,"буза, брага",
815,хандаро,"харанг, хвенех",нёбо,
816,ханутай,,вдова,
817,хануталъи,,вдовство; [женщины],
818,харанг,"хандаро, хвенех",нёбо,
819,хариял,,дикий лук,
820,хасалил,хасел (from),[родительный падеж] | зимний | осенний,
821,хасдал,хасел (from),[родительный падеж],
822,хасел,,зима | осень,
823,хасел,,"хлеб, злаковые, зерновые; урожай злачных",
824,хаси,,"ряд, терраса",
825,хатишди,,,
826,хатишдизе,хӏаракат,стараться,
827,хвалчен,,"сабля, меч, клинок, шашка | чека; [для осей арбы] | птичье перо",
828,хванча,,поднос,
829,хвел,балкан,"смерть, гибель, кончина | падаль, дохлое животное, труп; [животного]",
830,хелет,ахту,"мокрота, плево",
831,хенеро,техтеро,"юла, волчок",
832,хенхур,хомелег,хмель,
833,хир,хӏабатӏ,перхоть,
834,хираб,"хирадаб, хирияб",,
835,хирадаб,хирияб,,
836,хубуч,гьури,"буран, метель",
837,хумех,гозо,клюв; [птиц],
838,хурдан,"кирит, кӏулал",замок,
839,ххараб,ханжу,мука,
840,хъазанхъаг,,"казан, казанок",
841,хъазахъ,хъазахълъи,"пленный раб, человек рабского происхождения; казак, казачок; батрак | казак | казаки, казачество | сорт абрикосов",
842,хъакӏо,,блюдо из яиц,
843,хъарахъзаз,,колючка,
844,хъарщихӏама,,лопатка; [анатомия],
845,хъвавудхин,,спешка,
846,хъвавудхине,,"торопиться, спешить",
847,хъвазе,бецизе,"касаться, коснуться кого-чего-либо; прикасаться, прикоснуться к кому-чему-либо; дотрагиваться, дотронуться до кого-чего-либо; задевать, задеть кого-чего-либо | брать, трогать | сгребать, сгрести что-либо чем-либо; засыпать, засыпать что-либо чем-либо | (на)писать, записывать, записать; выписывать, выписать; переписывать, переписать; списывать, списать; вписывать, вписать что-либо | (на)писать, сочинять, сочинить что-либо | (на)писать, сообщать, сообщить письменно | играть на чём-либо | кружиться, вертеться вокруг с намерением съесть; [в сочетании с дательным падежом; чего-либо] | (с)косить что-либо | предопределять; [судьбу, долю] | (на)рисовать | пробовать на вкус, отведывать | зажечь спичку | трогать, вступать в половой акт",
848,хъвай,хатӏ,"касание | сгребание чего-либо; засыпание (землёй); засыпка; [земли] | писание; письмо; [процесс] | сочинение чего-либо | игра на чём-либо | косьба | предопределение, судьба | почерк",
849,хъвекцӏум,,беркут,
850,хъепуч,"месед, сус",корь,
851,хъерет,,пенка,
852,хъесеро,"газа, хъинцӏи","тяпка, цапка",
853,хъизан,"хъизан-кулпат, лъади, чӏужу, лъимер","семья, семейство; жена, супруга; дитя, ребёнок",
854,хъинтӏилагӏучӏ,,спичка,
855,хъинцӏ,,кусочек,
856,хъир,,струп,
857,хъичӏ,малъ,коготь,
858,хъияхъ,хӏет,полынь,
859,хъуки,"хъукизе, тунки",от,
860,хъукизе,тункизе,колоть чем-либо острым,
861,хъумур,бацӏ,волк; молодец,
862,хъуру,турут,"палас, дорожка",
863,хъурунжо,,кукурузное зерно крупного помола; [употребляется в качестве крупы для супа и каши],
864,хъусаро,,цапка,
865,хъухъи,сами,"чесание, трепание",
866,хъухъизаби,самизаби,,
867,хъухъизабизе,"хъухъизе (from), самизабизе",,
868,хъухъизе,самизе,"чесать, трепасть",
869,хъухъу,,маленький кувшин,
870,хьамахь,,"налет на стволах | тина, водоросль",
871,хьачӏун,,медленно,
872,хьачӏунлъи,,замедление; медлительность,
873,хьачӏунлъизе,,(за)медлиться,
874,хьачӏураб,,"медленный, медлительный",
875,хьвагӏеро,гьулак,качели,
876,хьвадизе,,"ходить; идти, двигаться; функционировать, (с)делать рейсы, ездить; посещать, посетить; [например о транспорте] | (по)гулять | (по)искать что-либо",
877,хьвадучал,,ходули,
878,хьвача,,"веточка, лапа",
879,хьи,"хӏалхьи, хӏухьбахъи","отдых, передышка",
880,хьилихь,хӏацӏу,слюна,
881,хьирис,"жул, цӏилицӏ",метла,
882,хьирцӏи,,,
883,хьирцӏизе,,защелкать,
884,хьоборчу,чӏеп,"корзина, лукошко",
885,хьолбогӏучӏ,хьабалухъагӏучӏ,ребро,
886,хьур,,деревянное корыто; [в котором выжимают виноград на сок],
887,хьури,"раци, гъари, гьин","плетень решётка | плетёная из прутьев широкая доска; [употребляется для сушки абрикос, слив и других фруктов] | борона тюль",
888,хӏада,,дедушка | Хада; [имя собственное мужское],
889,хӏажа,"алат, тӏагӏел","орудие, инструмент",
890,хӏажибаба,хӏажилакълакъ,аист,
891,хӏажибудай,"хӏажинкӏа, хӏажиролъ, цӏоросаролъ",кукуруза,
892,хӏажинкӏа,"хӏажибудай, хӏажиролъ, цӏоросаролъ",кукуруза,
893,хӏажиролъ,"хӏажибудай, хӏажинкӏа, цӏоросаролъ",кукуруза,
894,хӏалихьалъизе,,"быть, стать подлым, подлецом, негодяем | становиться, стать ленивым; позволять себе лениться; (по)лениться | становиться, стать хулиганистым; хулиганить",
895,хӏалихьат,,"подлый человек, подлец, негодяй; каналья | хулиган, балагур",
896,хӏамагъанкъ,,улитка,
897,хӏамисур,"хӏамимусур, ташкӏо",чабрец | Хамисур; [имя собственное мужское],
898,хӏамицӏам,,тмин; богородская трава,
899,хӏанкӏач,мачу,чувяк,
900,хӏанхӏич,хунчӏрук,сопляк,
901,хӏанц,,мушмула | шишки,
902,хӏанчӏалтӏур,,чучело,
903,хӏанчӏигени,,птичья груша; [сорт диких груш; букв.],
904,хӏара,,"ствол, дуло; [огнестрельных оружий] | клинок | вертел, шомпол, шампур | кочерга | лом, кол | стан, телосложение | сильные боли; приступ боли; схватки, потуги | ёлка; [на свадьбе]",
905,хӏегьоло,хилъало,горох посевной,
906,хӏерав,,дедушка,
907,хӏерай,,бабушка,
908,хӏинтӏ,хӏетӏе,нога,
909,хӏичи,карщ,"густая каша из пшениной муки, болтушка",
910,хӏунщли,сум,соломинка; солома,
911,цахма,"киса, чванта","карман, кисет",
912,циналъго,цинтӏаго,,
913,цӏализе,гьаризе,"(про)читать | учиться | называть, назвать; упоминать, упомянуть кого-что-либо | просить, умолять",
914,цӏанбачӏ,,"резина, резинка",
915,цӏаргьан,цӏаргӏахьал,тёзка,
916,цӏер,,"стекло, стёклышко | глазурь, эмаль | зеркало",
917,цӏертӏабач,,"волчок, кубарь",
918,цӏехезе,,"спрашивать, спросить; распрашивать, распросить; опрашивать, опросить; выспрашивать, выспросить; выведывать, выведать что-либо у кого-либо | (по)искать кого-что-либо",
919,цӏехӏма,,лодырь,
920,цӏику,,коптилка,
921,цӏиликъверкъ,щурункъверкъ,древесная лягушка | черепаха,
922,цӏиндиял,,носки,
923,цӏуяй,,женщина,
924,чавка,,галка,
925,чайхьаг,чайдан,чайник,
926,чамбара,нур,радуга,
927,чаргьоло,багӏаргьоло,фасоль,
928,ченкь,,спица колоса,
929,черх,,"тело, организм | плоть | туша; [животного]",
930,чехь-бакь,"бакӏвали-кӏач, ургьимес",внутренности,
931,чидал,чияр,,
932,чинкир,чинква,,
933,чогьен,,"котёл, казан",
934,чухьи,,,
935,чухьизе,,"(по)бояться, (ис)пугаться; проявить слабость",
936,чӏана,"чӏана-сана, чӏанда, чӏанда-хабар",,
937,чӏандерокӏал,чӏандеро,челюсть,
938,чӏанкьаб,,"горький, горько-солёный, горьковатый | низкий, звучный; [о голосе] | жёсткий; [о волосах]",
939,чӏанкӏалакӏго,гӏицӏго,"голо (без одежды), в чём мать родила",
940,чӏанкӏараб,"чӏанкӏизе (from), гӏицӏаб",голый (без одежды); приторный,
941,чӏатӏан,лол,,
942,чӏвазе,чӏвагӏазе,"убивать, убить | (по)бить, (по)шлёпать, (по)шлепнуть; ударять, ударить по чему-либо; задевать, задеть | вбивать, вбить, забивать, забить что-либо | бить во что-либо | надевать, надеть на голову; [о женском головном уборе] | (у)слышать; послышаться; [о всяком голосе] | (по)ставить, устанавливать, установить | ударить чем-либо острым; вонзать, вонзить; пырнуть | покрываться, покрыться чем-либо | (по)ложить, вложить, переложить что-либо во что-либо | стряхивать, стряхнуть, сбивать, сбить; разбивать, разбить; устанавливать, установить; [например плоды с дерева] | приложить, поставить | играть во что-либо | набивать, набить; насаждать, насадить | взять, поддеть; [например вилкой] | (из)мерить; [единицами измерения длины] | повесить что-либо куда-либо | (по)чувствовать | приклеить | выиграть фигуру (при игре в шашки, шахматы); накрыть; [при игре в карты] | изрубить (на мелкие куски), измельчать (шинкованием)",
943,чӏезе,"гъезе, чӏвазе","сажать, посадить; . (по)ставить, устанавливать, установить; [в землю]",
944,чӏеп,,"корзина, сапетка; лукошко | люлька для ребёнка",
945,чӏикӏаро,"гъуд, чӏикӏва",маленькая деревянная ложечка; чайная ложечка,
946,чӏикӏва,"чӏикӏаро, гъуд",,
947,чӏикӏу,хьон,молотое льняное семя,
948,чӏиникӏ,,"коса (инструмент), серп",
949,чӏинкъизе,,"отламываться, отломаться; отбиваться, отбиться; [о крае предмета] | отламывать, отломать; отбивать, отбить; [край предмета] | (с)ломать",
950,чӏинхъизе,,"раздаваться — о шорохе, шуршании | (по)искать чего-либо",
951,чӏинчӏал,чӏинчӏу (from),,
952,чӏинчӏу,,тонкий платок; [головный убор горянки],
953,чӏобозаби,чӏехьезаби,,
954,чӏобозабизе,чӏехьезабизе,,
955,чӏобозе,чӏехьезе,,
956,чӏобой,"чӏобозе (from), чӏехьей",,
957,чӏолгӏо,"топ, торгӏо",мяч,
958,чӏолорхъо,чӏолохъжо,,
959,чӏонокъ,,кадык,
960,чӏукъун,,зоб,
961,чӏукь,кьучӏ,"основа, фундамент",
962,чӏулгӏи,,фарфор | фарфоровая тарелка,
963,чӏуни,чӏучӏин,,
964,чӏунизе,чӏучӏине,,
965,чӏунчӏудук,,ворон,
966,чӏутӏугӏ,,червь; [заводится в недоброкачественных молочных продуктах],
967,чӏухӏаб,чӏухӏараб,Чухай; [имя собственное женское],
968,чӏучӏну,чӏалу,бревно; потолочная балка,
969,шори,,"папоротник, щитовник мужской",
970,щарчӏвад,дад,глиняный сосуд; [для сбивания масла],
971,ще,читӏир,,
972,щинаб,"щибаб, щивав, щияй",,
973,щулалъизе,,"быть, стать прочным, упрочиться; быть, стать крепким, укрепляться, укрепиться | выздороветь",
974,щуцӏали,,пятьдесят,
975,щуцӏалиялда,,пятьдесят; [служит для образования составных числительных от 50 до 59],
976,эмехаца,,тогда,
977,эпэп,,удод,
978,юкка,гурде,платье,
979,яда,,или же,
980,ячарай,,"жена, супруга",
